sru_type,altitude,visibility,search_object_en,search_object_size,sweep_width
BOAT,0,1,PIW,1,0.20
BOAT,0,1,POWERBOAT,4,0.40
BOAT,0,1,POWERBOAT,5,0.80
BOAT,0,1,POWERBOAT,7,0.80
BOAT,0,1,POWERBOAT,8,0.80
BOAT,0,1,POWERBOAT,12,0.80
BOAT,0,1,POWERBOAT,13,0.90
BOAT,0,1,POWERBOAT,20,0.90
BOAT,0,1,POWERBOAT,21,0.90
BOAT,0,1,POWERBOAT,26,0.90
BOAT,0,1,RAFT,1,0.70
BOAT,0,1,RAFT,4,0.70
BOAT,0,1,RAFT,6,0.80
BOAT,0,1,RAFT,8,0.80
BOAT,0,1,RAFT,10,0.80
BOAT,0,1,RAFT,15,0.90
BOAT,0,1,RAFT,20,0.90
BOAT,0,1,RAFT,25,0.90
BOAT,0,1,SAILBOAT,5,0.80
BOAT,0,1,SAILBOAT,6,0.80
BOAT,0,1,SAILBOAT,8,0.90
BOAT,0,1,SAILBOAT,9,0.90
BOAT,0,1,SAILBOAT,12,0.90
BOAT,0,1,SAILBOAT,15,0.90
BOAT,0,1,SAILBOAT,20,0.90
BOAT,0,1,SAILBOAT,23,0.90
BOAT,0,1,SAILBOAT,24,0.90
BOAT,0,1,SAILBOAT,26,0.90
BOAT,0,1,SHIP,27,1.40
BOAT,0,1,SHIP,45,1.40
BOAT,0,1,SHIP,46,1.40
BOAT,0,1,SHIP,90,1.40
BOAT,0,1,SHIP,91,1.40
BOAT,0,3,PIW,1,0.20
BOAT,0,3,POWERBOAT,4,0.80
BOAT,0,3,POWERBOAT,5,1.50
BOAT,0,3,POWERBOAT,7,1.50
BOAT,0,3,POWERBOAT,8,1.90
BOAT,0,3,POWERBOAT,12,1.90
BOAT,0,3,POWERBOAT,13,2.40
BOAT,0,3,POWERBOAT,20,2.40
BOAT,0,3,POWERBOAT,21,2.50
BOAT,0,3,POWERBOAT,26,2.50
BOAT,0,3,RAFT,1,1.30
BOAT,0,3,RAFT,4,1.70
BOAT,0,3,RAFT,6,1.90
BOAT,0,3,RAFT,8,2.00
BOAT,0,3,RAFT,10,2.00
BOAT,0,3,RAFT,15,2.20
BOAT,0,3,RAFT,20,2.30
BOAT,0,3,RAFT,25,2.40
BOAT,0,3,SAILBOAT,5,1.50
BOAT,0,3,SAILBOAT,6,1.70
BOAT,0,3,SAILBOAT,8,1.90
BOAT,0,3,SAILBOAT,9,2.10
BOAT,0,3,SAILBOAT,12,2.30
BOAT,0,3,SAILBOAT,15,2.40
BOAT,0,3,SAILBOAT,20,2.50
BOAT,0,3,SAILBOAT,23,2.50
BOAT,0,3,SAILBOAT,24,2.50
BOAT,0,3,SAILBOAT,26,2.50
BOAT,0,3,SHIP,27,2.50
BOAT,0,3,SHIP,45,2.50
BOAT,0,3,SHIP,46,2.60
BOAT,0,3,SHIP,90,2.60
BOAT,0,3,SHIP,91,2.60
BOAT,0,5,PIW,1,0.30
BOAT,0,5,POWERBOAT,4,1.10
BOAT,0,5,POWERBOAT,5,2.20
BOAT,0,5,POWERBOAT,7,2.20
BOAT,0,5,POWERBOAT,8,2.90
BOAT,0,5,POWERBOAT,12,2.90
BOAT,0,5,POWERBOAT,13,3.90
BOAT,0,5,POWERBOAT,20,3.90
BOAT,0,5,POWERBOAT,21,4.30
BOAT,0,5,POWERBOAT,26,4.30
BOAT,0,5,RAFT,1,1.70
BOAT,0,5,RAFT,4,2.20
BOAT,0,5,RAFT,6,2.60
BOAT,0,5,RAFT,8,2.70
BOAT,0,5,RAFT,10,2.80
BOAT,0,5,RAFT,15,3.00
BOAT,0,5,RAFT,20,3.30
BOAT,0,5,RAFT,25,3.50
BOAT,0,5,SAILBOAT,5,2.10
BOAT,0,5,SAILBOAT,6,2.50
BOAT,0,5,SAILBOAT,8,2.80
BOAT,0,5,SAILBOAT,9,3.20
BOAT,0,5,SAILBOAT,12,3.80
BOAT,0,5,SAILBOAT,15,4.00
BOAT,0,5,SAILBOAT,20,4.20
BOAT,0,5,SAILBOAT,23,4.20
BOAT,0,5,SAILBOAT,24,4.40
BOAT,0,5,SAILBOAT,26,4.40
BOAT,0,5,SHIP,27,4.60
BOAT,0,5,SHIP,45,4.60
BOAT,0,5,SHIP,46,4.90
BOAT,0,5,SHIP,90,4.90
BOAT,0,5,SHIP,91,4.90
BOAT,0,10,PIW,1,0.30
BOAT,0,10,POWERBOAT,4,1.50
BOAT,0,10,POWERBOAT,5,3.30
BOAT,0,10,POWERBOAT,7,3.30
BOAT,0,10,POWERBOAT,8,4.70
BOAT,0,10,POWERBOAT,12,4.70
BOAT,0,10,POWERBOAT,13,7.00
BOAT,0,10,POWERBOAT,20,7.00
BOAT,0,10,POWERBOAT,21,8.30
BOAT,0,10,POWERBOAT,26,8.30
BOAT,0,10,RAFT,1,2.30
BOAT,0,10,RAFT,4,3.10
BOAT,0,10,RAFT,6,3.60
BOAT,0,10,RAFT,8,3.80
BOAT,0,10,RAFT,10,4.00
BOAT,0,10,RAFT,15,4.30
BOAT,0,10,RAFT,20,4.90
BOAT,0,10,RAFT,25,5.20
BOAT,0,10,SAILBOAT,5,3.00
BOAT,0,10,SAILBOAT,6,3.70
BOAT,0,10,SAILBOAT,8,4.40
BOAT,0,10,SAILBOAT,9,5.30
BOAT,0,10,SAILBOAT,12,6.60
BOAT,0,10,SAILBOAT,15,7.30
BOAT,0,10,SAILBOAT,20,7.90
BOAT,0,10,SAILBOAT,23,7.90
BOAT,0,10,SAILBOAT,24,8.30
BOAT,0,10,SAILBOAT,26,8.30
BOAT,0,10,SHIP,27,9.30
BOAT,0,10,SHIP,45,9.30
BOAT,0,10,SHIP,46,10.30
BOAT,0,10,SHIP,90,10.30
BOAT,0,10,SHIP,91,10.90
BOAT,0,15,PIW,1,0.30
BOAT,0,15,POWERBOAT,4,1.60
BOAT,0,15,POWERBOAT,5,4.00
BOAT,0,15,POWERBOAT,7,4.00
BOAT,0,15,POWERBOAT,8,5.90
BOAT,0,15,POWERBOAT,12,5.90
BOAT,0,15,POWERBOAT,13,9.30
BOAT,0,15,POWERBOAT,20,9.30
BOAT,0,15,POWERBOAT,21,11.40
BOAT,0,15,POWERBOAT,26,11.40
BOAT,0,15,RAFT,1,2.60
BOAT,0,15,RAFT,4,3.50
BOAT,0,15,RAFT,6,4.30
BOAT,0,15,RAFT,8,4.40
BOAT,0,15,RAFT,10,4.80
BOAT,0,15,RAFT,15,5.10
BOAT,0,15,RAFT,20,5.80
BOAT,0,15,RAFT,25,6.30
BOAT,0,15,SAILBOAT,5,3.60
BOAT,0,15,SAILBOAT,6,4.60
BOAT,0,15,SAILBOAT,8,5.40
BOAT,0,15,SAILBOAT,9,6.60
BOAT,0,15,SAILBOAT,12,8.60
BOAT,0,15,SAILBOAT,15,9.70
BOAT,0,15,SAILBOAT,20,10.70
BOAT,0,15,SAILBOAT,23,10.70
BOAT,0,15,SAILBOAT,24,11.60
BOAT,0,15,SAILBOAT,26,11.60
BOAT,0,15,SHIP,27,13.20
BOAT,0,15,SHIP,45,13.20
BOAT,0,15,SHIP,46,15.50
BOAT,0,15,SHIP,90,15.50
BOAT,0,15,SHIP,91,16.80
BOAT,0,20,PIW,1,0.30
BOAT,0,20,POWERBOAT,4,1.80
BOAT,0,20,POWERBOAT,5,4.50
BOAT,0,20,POWERBOAT,7,4.50
BOAT,0,20,POWERBOAT,8,6.80
BOAT,0,20,POWERBOAT,12,6.80
BOAT,0,20,POWERBOAT,13,11.10
BOAT,0,20,POWERBOAT,20,11.10
BOAT,0,20,POWERBOAT,21,14.00
BOAT,0,20,POWERBOAT,26,14.00
BOAT,0,20,RAFT,1,2.70
BOAT,0,20,RAFT,4,3.90
BOAT,0,20,RAFT,6,4.70
BOAT,0,20,RAFT,8,4.90
BOAT,0,20,RAFT,10,5.30
BOAT,0,20,RAFT,15,5.70
BOAT,0,20,RAFT,20,6.50
BOAT,0,20,RAFT,25,7.00
BOAT,0,20,SAILBOAT,5,4.00
BOAT,0,20,SAILBOAT,6,5.10
BOAT,0,20,SAILBOAT,8,6.30
BOAT,0,20,SAILBOAT,9,7.70
BOAT,0,20,SAILBOAT,12,10.30
BOAT,0,20,SAILBOAT,15,11.60
BOAT,0,20,SAILBOAT,20,13.10
BOAT,0,20,SAILBOAT,23,13.10
BOAT,0,20,SAILBOAT,24,14.20
BOAT,0,20,SAILBOAT,26,14.20
BOAT,0,20,SHIP,27,16.60
BOAT,0,20,SHIP,45,16.60
BOAT,0,20,SHIP,46,20.20
BOAT,0,20,SHIP,90,20.20
BOAT,0,20,SHIP,91,22.50
FIXED,150,1,PIW,1,0.00
FIXED,150,1,POWERBOAT,5,0.40
FIXED,150,1,POWERBOAT,6,0.50
FIXED,150,1,POWERBOAT,10,0.60
FIXED,150,1,POWERBOAT,16,0.60
FIXED,150,1,POWERBOAT,24,0.60
FIXED,150,1,RAFT,1,0.30
FIXED,150,1,RAFT,4,0.40
FIXED,150,1,RAFT,6,0.40
FIXED,150,1,RAFT,8,0.40
FIXED,150,1,RAFT,10,0.40
FIXED,150,1,RAFT,15,0.50
FIXED,150,1,RAFT,20,0.50
FIXED,150,1,RAFT,25,0.50
FIXED,150,1,SAILBOAT,5,0.50
FIXED,150,1,SAILBOAT,8,0.60
FIXED,150,1,SAILBOAT,12,0.60
FIXED,150,1,SAILBOAT,15,0.60
FIXED,150,1,SAILBOAT,21,0.60
FIXED,150,1,SAILBOAT,25,0.60
FIXED,150,1,SHIP,27,0.60
FIXED,150,1,SHIP,46,0.60
FIXED,150,1,SHIP,47,0.60
FIXED,150,1,SHIP,91,0.60
FIXED,150,1,SHIP,92,0.70
FIXED,150,3,PIW,1,0.10
FIXED,150,3,POWERBOAT,5,0.90
FIXED,150,3,POWERBOAT,6,1.70
FIXED,150,3,POWERBOAT,10,2.10
FIXED,150,3,POWERBOAT,16,2.70
FIXED,150,3,POWERBOAT,24,2.80
FIXED,150,3,RAFT,1,0.70
FIXED,150,3,RAFT,4,1.00
FIXED,150,3,RAFT,6,1.10
FIXED,150,3,RAFT,8,1.20
FIXED,150,3,RAFT,10,1.20
FIXED,150,3,RAFT,15,1.30
FIXED,150,3,RAFT,20,1.50
FIXED,150,3,RAFT,25,1.60
FIXED,150,3,SAILBOAT,5,1.60
FIXED,150,3,SAILBOAT,8,2.00
FIXED,150,3,SAILBOAT,12,2.60
FIXED,150,3,SAILBOAT,15,2.70
FIXED,150,3,SAILBOAT,21,2.80
FIXED,150,3,SAILBOAT,25,2.80
FIXED,150,3,SHIP,27,2.90
FIXED,150,3,SHIP,46,2.90
FIXED,150,3,SHIP,47,3.00
FIXED,150,3,SHIP,91,3.00
FIXED,150,3,SHIP,92,3.00
FIXED,150,5,PIW,1,0.10
FIXED,150,5,POWERBOAT,5,1.20
FIXED,150,5,POWERBOAT,6,2.40
FIXED,150,5,POWERBOAT,10,3.30
FIXED,150,5,POWERBOAT,16,4.50
FIXED,150,5,POWERBOAT,24,5.00
FIXED,150,5,RAFT,1,0.90
FIXED,150,5,RAFT,4,1.30
FIXED,150,5,RAFT,6,1.50
FIXED,150,5,RAFT,8,1.60
FIXED,150,5,RAFT,10,1.70
FIXED,150,5,RAFT,15,1.90
FIXED,150,5,RAFT,20,2.10
FIXED,150,5,RAFT,25,2.30
FIXED,150,5,SAILBOAT,5,2.20
FIXED,150,5,SAILBOAT,8,3.10
FIXED,150,5,SAILBOAT,12,4.30
FIXED,150,5,SAILBOAT,15,4.60
FIXED,150,5,SAILBOAT,21,4.90
FIXED,150,5,SAILBOAT,25,5.10
FIXED,150,5,SHIP,27,5.40
FIXED,150,5,SHIP,46,5.40
FIXED,150,5,SHIP,47,5.70
FIXED,150,5,SHIP,91,5.70
FIXED,150,5,SHIP,92,5.80
FIXED,150,10,PIW,1,0.10
FIXED,150,10,POWERBOAT,5,1.50
FIXED,150,10,POWERBOAT,6,3.60
FIXED,150,10,POWERBOAT,10,5.30
FIXED,150,10,POWERBOAT,16,8.10
FIXED,150,10,POWERBOAT,24,9.80
FIXED,150,10,RAFT,1,1.20
FIXED,150,10,RAFT,4,1.80
FIXED,150,10,RAFT,6,2.20
FIXED,150,10,RAFT,8,2.30
FIXED,150,10,RAFT,10,2.50
FIXED,150,10,RAFT,15,2.70
FIXED,150,10,RAFT,20,3.20
FIXED,150,10,RAFT,25,3.40
FIXED,150,10,SAILBOAT,5,3.20
FIXED,150,10,SAILBOAT,8,4.90
FIXED,150,10,SAILBOAT,12,7.60
FIXED,150,10,SAILBOAT,15,8.40
FIXED,150,10,SAILBOAT,21,9.30
FIXED,150,10,SAILBOAT,25,9.90
FIXED,150,10,SHIP,27,11.10
FIXED,150,10,SHIP,46,11.10
FIXED,150,10,SHIP,47,12.50
FIXED,150,10,SHIP,91,12.50
FIXED,150,10,SHIP,92,13.20
FIXED,150,15,PIW,1,0.10
FIXED,150,15,POWERBOAT,5,1.70
FIXED,150,15,POWERBOAT,6,4.30
FIXED,150,15,POWERBOAT,10,6.70
FIXED,150,15,POWERBOAT,16,10.90
FIXED,150,15,POWERBOAT,24,13.50
FIXED,150,15,RAFT,1,1.40
FIXED,150,15,RAFT,4,2.00
FIXED,150,15,RAFT,6,2.50
FIXED,150,15,RAFT,8,2.70
FIXED,150,15,RAFT,10,2.90
FIXED,150,15,RAFT,15,3.30
FIXED,150,15,RAFT,20,3.80
FIXED,150,15,RAFT,25,4.10
FIXED,150,15,SAILBOAT,5,3.90
FIXED,150,15,SAILBOAT,8,6.10
FIXED,150,15,SAILBOAT,12,10.00
FIXED,150,15,SAILBOAT,15,11.30
FIXED,150,15,SAILBOAT,21,12.70
FIXED,150,15,SAILBOAT,25,13.70
FIXED,150,15,SHIP,27,15.90
FIXED,150,15,SHIP,46,15.90
FIXED,150,15,SHIP,47,18.90
FIXED,150,15,SHIP,91,18.90
FIXED,150,15,SHIP,92,20.60
FIXED,150,20,PIW,1,0.10
FIXED,150,20,POWERBOAT,5,1.80
FIXED,150,20,POWERBOAT,6,4.80
FIXED,150,20,POWERBOAT,10,7.70
FIXED,150,20,POWERBOAT,16,13.10
FIXED,150,20,POWERBOAT,24,16.70
FIXED,150,20,RAFT,1,1.40
FIXED,150,20,RAFT,4,2.20
FIXED,150,20,RAFT,6,2.80
FIXED,150,20,RAFT,8,2.90
FIXED,150,20,RAFT,10,3.20
FIXED,150,20,RAFT,15,3.60
FIXED,150,20,RAFT,20,4.20
FIXED,150,20,RAFT,25,4.60
FIXED,150,20,SAILBOAT,5,4.30
FIXED,150,20,SAILBOAT,8,7.00
FIXED,150,20,SAILBOAT,12,11.90
FIXED,150,20,SAILBOAT,15,13.70
FIXED,150,20,SAILBOAT,21,15.50
FIXED,150,20,SAILBOAT,25,17.00
FIXED,150,20,SHIP,27,20.10
FIXED,150,20,SHIP,46,20.10
FIXED,150,20,SHIP,47,24.70
FIXED,150,20,SHIP,91,24.70
FIXED,150,20,SHIP,92,27.90
FIXED,300,1,PIW,1,0.00
FIXED,300,1,POWERBOAT,5,0.40
FIXED,300,1,POWERBOAT,6,0.50
FIXED,300,1,POWERBOAT,10,0.50
FIXED,300,1,POWERBOAT,16,0.60
FIXED,300,1,POWERBOAT,24,0.60
FIXED,300,1,RAFT,1,0.30
FIXED,300,1,RAFT,4,0.30
FIXED,300,1,RAFT,6,0.40
FIXED,300,1,RAFT,8,0.40
FIXED,300,1,RAFT,10,0.40
FIXED,300,1,RAFT,15,0.40
FIXED,300,1,RAFT,20,0.40
FIXED,300,1,RAFT,25,0.40
FIXED,300,1,SAILBOAT,5,0.50
FIXED,300,1,SAILBOAT,8,0.50
FIXED,300,1,SAILBOAT,12,0.60
FIXED,300,1,SAILBOAT,15,0.60
FIXED,300,1,SAILBOAT,21,0.60
FIXED,300,1,SAILBOAT,25,0.60
FIXED,300,1,SHIP,27,0.60
FIXED,300,1,SHIP,46,0.60
FIXED,300,1,SHIP,47,0.60
FIXED,300,1,SHIP,91,0.60
FIXED,300,1,SHIP,92,0.60
FIXED,300,3,PIW,1,0.10
FIXED,300,3,POWERBOAT,5,1.00
FIXED,300,3,POWERBOAT,6,1.70
FIXED,300,3,POWERBOAT,10,2.20
FIXED,300,3,POWERBOAT,16,2.70
FIXED,300,3,POWERBOAT,24,2.80
FIXED,300,3,RAFT,1,0.70
FIXED,300,3,RAFT,4,1.00
FIXED,300,3,RAFT,6,1.10
FIXED,300,3,RAFT,8,1.20
FIXED,300,3,RAFT,10,1.30
FIXED,300,3,RAFT,15,1.40
FIXED,300,3,RAFT,20,1.50
FIXED,300,3,RAFT,25,1.60
FIXED,300,3,SAILBOAT,5,1.60
FIXED,300,3,SAILBOAT,8,2.10
FIXED,300,3,SAILBOAT,12,2.60
FIXED,300,3,SAILBOAT,15,2.70
FIXED,300,3,SAILBOAT,21,2.80
FIXED,300,3,SAILBOAT,25,2.80
FIXED,300,3,SHIP,27,2.90
FIXED,300,3,SHIP,46,2.90
FIXED,300,3,SHIP,47,3.00
FIXED,300,3,SHIP,91,3.00
FIXED,300,3,SHIP,92,3.00
FIXED,300,5,PIW,1,0.10
FIXED,300,5,POWERBOAT,5,1.30
FIXED,300,5,POWERBOAT,6,2.50
FIXED,300,5,POWERBOAT,10,3.40
FIXED,300,5,POWERBOAT,16,4.50
FIXED,300,5,POWERBOAT,24,5.10
FIXED,300,5,RAFT,1,0.90
FIXED,300,5,RAFT,4,1.30
FIXED,300,5,RAFT,6,1.60
FIXED,300,5,RAFT,8,1.70
FIXED,300,5,RAFT,10,1.80
FIXED,300,5,RAFT,15,2.00
FIXED,300,5,RAFT,20,2.20
FIXED,300,5,RAFT,25,2.30
FIXED,300,5,SAILBOAT,5,2.30
FIXED,300,5,SAILBOAT,8,3.20
FIXED,300,5,SAILBOAT,12,4.30
FIXED,300,5,SAILBOAT,15,4.60
FIXED,300,5,SAILBOAT,21,4.90
FIXED,300,5,SAILBOAT,25,5.10
FIXED,300,5,SHIP,27,5.40
FIXED,300,5,SHIP,46,5.40
FIXED,300,5,SHIP,47,5.70
FIXED,300,5,SHIP,91,5.70
FIXED,300,5,SHIP,92,5.80
FIXED,300,10,PIW,1,0.10
FIXED,300,10,POWERBOAT,5,1.70
FIXED,300,10,POWERBOAT,6,3.70
FIXED,300,10,POWERBOAT,10,5.40
FIXED,300,10,POWERBOAT,16,8.20
FIXED,300,10,POWERBOAT,24,9.80
FIXED,300,10,RAFT,1,1.20
FIXED,300,10,RAFT,4,1.80
FIXED,300,10,RAFT,6,2.20
FIXED,300,10,RAFT,8,2.40
FIXED,300,10,RAFT,10,2.60
FIXED,300,10,RAFT,15,2.80
FIXED,300,10,RAFT,20,3.20
FIXED,300,10,RAFT,25,3.50
FIXED,300,10,SAILBOAT,5,3.30
FIXED,300,10,SAILBOAT,8,5.00
FIXED,300,10,SAILBOAT,12,7.60
FIXED,300,10,SAILBOAT,15,8.50
FIXED,300,10,SAILBOAT,21,9.30
FIXED,300,10,SAILBOAT,25,9.90
FIXED,300,10,SHIP,27,11.10
FIXED,300,10,SHIP,46,11.10
FIXED,300,10,SHIP,47,12.50
FIXED,300,10,SHIP,91,12.50
FIXED,300,10,SHIP,92,13.20
FIXED,300,15,PIW,1,0.10
FIXED,300,15,POWERBOAT,5,1.80
FIXED,300,15,POWERBOAT,6,4.40
FIXED,300,15,POWERBOAT,10,6.80
FIXED,300,15,POWERBOAT,16,10.90
FIXED,300,15,POWERBOAT,24,13.60
FIXED,300,15,RAFT,1,1.40
FIXED,300,15,RAFT,4,2.10
FIXED,300,15,RAFT,6,2.60
FIXED,300,15,RAFT,8,2.80
FIXED,300,15,RAFT,10,3.00
FIXED,300,15,RAFT,15,3.40
FIXED,300,15,RAFT,20,3.90
FIXED,300,15,RAFT,25,4.20
FIXED,300,15,SAILBOAT,5,4.00
FIXED,300,15,SAILBOAT,8,6.20
FIXED,300,15,SAILBOAT,12,10.90
FIXED,300,15,SAILBOAT,15,11.40
FIXED,300,15,SAILBOAT,21,12.80
FIXED,300,15,SAILBOAT,25,13.80
FIXED,300,15,SHIP,27,15.90
FIXED,300,15,SHIP,46,15.90
FIXED,300,15,SHIP,47,18.90
FIXED,300,15,SHIP,91,18.90
FIXED,300,15,SHIP,92,20.60
FIXED,300,20,PIW,1,0.10
FIXED,300,20,POWERBOAT,5,2.00
FIXED,300,20,POWERBOAT,6,5.00
FIXED,300,20,POWERBOAT,10,7.80
FIXED,300,20,POWERBOAT,16,13.10
FIXED,300,20,POWERBOAT,24,16.70
FIXED,300,20,RAFT,1,1.40
FIXED,300,20,RAFT,4,2.30
FIXED,300,20,RAFT,6,2.80
FIXED,300,20,RAFT,8,3.00
FIXED,300,20,RAFT,10,3.30
FIXED,300,20,RAFT,15,3.70
FIXED,300,20,RAFT,20,4.30
FIXED,300,20,RAFT,25,4.70
FIXED,300,20,SAILBOAT,5,4.40
FIXED,300,20,SAILBOAT,8,7.10
FIXED,300,20,SAILBOAT,12,12.00
FIXED,300,20,SAILBOAT,15,13.70
FIXED,300,20,SAILBOAT,21,15.60
FIXED,300,20,SAILBOAT,25,17.00
FIXED,300,20,SHIP,27,20.10
FIXED,300,20,SHIP,46,20.10
FIXED,300,20,SHIP,47,24.70
FIXED,300,20,SHIP,91,24.70
FIXED,300,20,SHIP,92,27.90
FIXED,600,1,PIW,1,0.00
FIXED,600,1,POWERBOAT,5,0.20
FIXED,600,1,POWERBOAT,6,0.30
FIXED,600,1,POWERBOAT,10,0.30
FIXED,600,1,POWERBOAT,16,0.40
FIXED,600,1,POWERBOAT,24,0.40
FIXED,600,1,RAFT,1,0.10
FIXED,600,1,RAFT,4,0.20
FIXED,600,1,RAFT,6,0.20
FIXED,600,1,RAFT,8,0.20
FIXED,600,1,RAFT,10,0.20
FIXED,600,1,RAFT,15,0.20
FIXED,600,1,RAFT,20,0.40
FIXED,600,1,RAFT,25,0.30
FIXED,600,1,SAILBOAT,5,0.30
FIXED,600,1,SAILBOAT,8,0.30
FIXED,600,1,SAILBOAT,12,0.40
FIXED,600,1,SAILBOAT,15,0.40
FIXED,600,1,SAILBOAT,21,0.40
FIXED,600,1,SAILBOAT,25,0.40
FIXED,600,1,SHIP,27,0.40
FIXED,600,1,SHIP,46,0.40
FIXED,600,1,SHIP,47,0.40
FIXED,600,1,SHIP,91,0.40
FIXED,600,1,SHIP,92,0.50
FIXED,600,3,PIW,1,0.00
FIXED,600,3,POWERBOAT,5,1.00
FIXED,600,3,POWERBOAT,6,1.70
FIXED,600,3,POWERBOAT,10,2.20
FIXED,600,3,POWERBOAT,16,2.60
FIXED,600,3,POWERBOAT,24,2.80
FIXED,600,3,RAFT,1,0.60
FIXED,600,3,RAFT,4,0.90
FIXED,600,3,RAFT,6,1.10
FIXED,600,3,RAFT,8,1.20
FIXED,600,3,RAFT,10,1.20
FIXED,600,3,RAFT,15,1.40
FIXED,600,3,RAFT,20,1.50
FIXED,600,3,RAFT,25,1.60
FIXED,600,3,SAILBOAT,5,1.60
FIXED,600,3,SAILBOAT,8,2.10
FIXED,600,3,SAILBOAT,12,2.50
FIXED,600,3,SAILBOAT,15,2.70
FIXED,600,3,SAILBOAT,21,2.70
FIXED,600,3,SAILBOAT,25,2.80
FIXED,600,3,SHIP,27,2.90
FIXED,600,3,SHIP,46,2.90
FIXED,600,3,SHIP,47,3.00
FIXED,600,3,SHIP,91,3.00
FIXED,600,3,SHIP,92,3.00
FIXED,600,5,PIW,1,0.00
FIXED,600,5,POWERBOAT,5,1.30
FIXED,600,5,POWERBOAT,6,2.50
FIXED,600,5,POWERBOAT,10,3.40
FIXED,600,5,POWERBOAT,16,4.50
FIXED,600,5,POWERBOAT,24,5.00
FIXED,600,5,RAFT,1,0.90
FIXED,600,5,RAFT,4,1.30
FIXED,600,5,RAFT,6,1.60
FIXED,600,5,RAFT,8,1.70
FIXED,600,5,RAFT,10,1.80
FIXED,600,5,RAFT,15,2.00
FIXED,600,5,RAFT,20,2.20
FIXED,600,5,RAFT,25,2.40
FIXED,600,5,SAILBOAT,5,2.30
FIXED,600,5,SAILBOAT,8,3.30
FIXED,600,5,SAILBOAT,12,4.30
FIXED,600,5,SAILBOAT,15,4.60
FIXED,600,5,SAILBOAT,21,4.90
FIXED,600,5,SAILBOAT,25,5.10
FIXED,600,5,SHIP,27,5.40
FIXED,600,5,SHIP,46,5.40
FIXED,600,5,SHIP,47,5.70
FIXED,600,5,SHIP,91,5.70
FIXED,600,5,SHIP,92,5.80
FIXED,600,10,PIW,1,0.00
FIXED,600,10,POWERBOAT,5,1.80
FIXED,600,10,POWERBOAT,6,3.80
FIXED,600,10,POWERBOAT,10,5.50
FIXED,600,10,POWERBOAT,16,8.30
FIXED,600,10,POWERBOAT,24,9.80
FIXED,600,10,RAFT,1,1.20
FIXED,600,10,RAFT,4,1.90
FIXED,600,10,RAFT,6,2.30
FIXED,600,10,RAFT,8,2.50
FIXED,600,10,RAFT,10,2.70
FIXED,600,10,RAFT,15,3.00
FIXED,600,10,RAFT,20,3.40
FIXED,600,10,RAFT,25,3.60
FIXED,600,10,SAILBOAT,5,3.50
FIXED,600,10,SAILBOAT,8,5.20
FIXED,600,10,SAILBOAT,12,7.70
FIXED,600,10,SAILBOAT,15,8.60
FIXED,600,10,SAILBOAT,21,9.40
FIXED,600,10,SAILBOAT,25,10.00
FIXED,600,10,SHIP,27,11.10
FIXED,600,10,SHIP,46,11.10
FIXED,600,10,SHIP,47,12.50
FIXED,600,10,SHIP,91,12.50
FIXED,600,10,SHIP,92,13.20
FIXED,600,15,PIW,1,0.00
FIXED,600,15,POWERBOAT,5,2.00
FIXED,600,15,POWERBOAT,6,4.60
FIXED,600,15,POWERBOAT,10,6.90
FIXED,600,15,POWERBOAT,16,11.00
FIXED,600,15,POWERBOAT,24,13.60
FIXED,600,15,RAFT,1,1.40
FIXED,600,15,RAFT,4,2.20
FIXED,600,15,RAFT,6,2.70
FIXED,600,15,RAFT,8,2.90
FIXED,600,15,RAFT,10,3.10
FIXED,600,15,RAFT,15,3.50
FIXED,600,15,RAFT,20,4.00
FIXED,600,15,RAFT,25,4.40
FIXED,600,15,SAILBOAT,5,4.10
FIXED,600,15,SAILBOAT,8,6.40
FIXED,600,15,SAILBOAT,12,10.10
FIXED,600,15,SAILBOAT,15,11.50
FIXED,600,15,SAILBOAT,21,12.90
FIXED,600,15,SAILBOAT,25,13.90
FIXED,600,15,SHIP,27,16.00
FIXED,600,15,SHIP,46,16.00
FIXED,600,15,SHIP,47,18.90
FIXED,600,15,SHIP,91,18.90
FIXED,600,15,SHIP,92,20.70
FIXED,600,20,PIW,1,0.00
FIXED,600,20,POWERBOAT,5,2.20
FIXED,600,20,POWERBOAT,6,5.10
FIXED,600,20,POWERBOAT,10,8.00
FIXED,600,20,POWERBOAT,16,13.30
FIXED,600,20,POWERBOAT,24,16.80
FIXED,600,20,RAFT,1,1.40
FIXED,600,20,RAFT,4,2.30
FIXED,600,20,RAFT,6,2.90
FIXED,600,20,RAFT,8,3.20
FIXED,600,20,RAFT,10,3.50
FIXED,600,20,RAFT,15,3.90
FIXED,600,20,RAFT,20,4.50
FIXED,600,20,RAFT,25,4.90
FIXED,600,20,SAILBOAT,5,4.50
FIXED,600,20,SAILBOAT,8,7.30
FIXED,600,20,SAILBOAT,12,12.10
FIXED,600,20,SAILBOAT,15,13.90
FIXED,600,20,SAILBOAT,21,15.70
FIXED,600,20,SAILBOAT,25,17.10
FIXED,600,20,SHIP,27,20.10
FIXED,600,20,SHIP,46,20.10
FIXED,600,20,SHIP,47,24.70
FIXED,600,20,SHIP,91,24.70
FIXED,600,20,SHIP,92,27.90
LARGE,0,1,PIW,1,0.40
LARGE,0,1,POWERBOAT,5,1.10
LARGE,0,1,POWERBOAT,7,2.00
LARGE,0,1,POWERBOAT,12,2.80
LARGE,0,1,POWERBOAT,24,3.20
LARGE,0,1,RAFT,4,2.30
LARGE,0,1,RAFT,6,2.50
LARGE,0,1,RAFT,15,2.60
LARGE,0,1,RAFT,25,2.70
LARGE,0,1,SAILBOAT,5,1.10
LARGE,0,1,SAILBOAT,7,2.00
LARGE,0,1,SAILBOAT,12,2.80
LARGE,0,1,SAILBOAT,24,3.20
LARGE,0,1,SHIP,5,1.10
LARGE,0,1,SHIP,7,2.00
LARGE,0,1,SHIP,12,2.80
LARGE,0,1,SHIP,24,3.20
LARGE,0,3,PIW,1,0.40
LARGE,0,3,POWERBOAT,5,1.10
LARGE,0,3,POWERBOAT,7,2.00
LARGE,0,3,POWERBOAT,12,2.80
LARGE,0,3,POWERBOAT,24,3.20
LARGE,0,3,RAFT,4,2.30
LARGE,0,3,RAFT,6,2.50
LARGE,0,3,RAFT,15,2.60
LARGE,0,3,RAFT,25,2.70
LARGE,0,3,SAILBOAT,5,1.10
LARGE,0,3,SAILBOAT,7,2.00
LARGE,0,3,SAILBOAT,12,2.80
LARGE,0,3,SAILBOAT,24,3.20
LARGE,0,3,SHIP,5,1.10
LARGE,0,3,SHIP,7,2.00
LARGE,0,3,SHIP,12,2.80
LARGE,0,3,SHIP,24,3.20
LARGE,0,5,PIW,1,0.50
LARGE,0,5,POWERBOAT,5,1.40
LARGE,0,5,POWERBOAT,7,2.90
LARGE,0,5,POWERBOAT,12,4.50
LARGE,0,5,POWERBOAT,24,5.60
LARGE,0,5,RAFT,4,3.20
LARGE,0,5,RAFT,6,3.60
LARGE,0,5,RAFT,15,4.00
LARGE,0,5,RAFT,25,4.20
LARGE,0,5,SAILBOAT,5,1.40
LARGE,0,5,SAILBOAT,7,2.90
LARGE,0,5,SAILBOAT,12,4.50
LARGE,0,5,SAILBOAT,24,5.60
LARGE,0,5,SHIP,5,1.40
LARGE,0,5,SHIP,7,2.90
LARGE,0,5,SHIP,12,4.50
LARGE,0,5,SHIP,24,5.60
LARGE,0,10,PIW,1,0.60
LARGE,0,10,POWERBOAT,5,1.90
LARGE,0,10,POWERBOAT,7,4.30
LARGE,0,10,POWERBOAT,12,7.60
LARGE,0,10,POWERBOAT,24,10.70
LARGE,0,10,RAFT,4,4.20
LARGE,0,10,RAFT,6,5.00
LARGE,0,10,RAFT,15,5.10
LARGE,0,10,RAFT,25,5.20
LARGE,0,10,SAILBOAT,5,1.90
LARGE,0,10,SAILBOAT,7,4.30
LARGE,0,10,SAILBOAT,12,7.60
LARGE,0,10,SAILBOAT,24,10.70
LARGE,0,10,SHIP,5,1.90
LARGE,0,10,SHIP,7,4.30
LARGE,0,10,SHIP,12,7.60
LARGE,0,10,SHIP,24,10.70
LARGE,0,15,PIW,1,0.70
LARGE,0,15,POWERBOAT,5,2.10
LARGE,0,15,POWERBOAT,7,5.20
LARGE,0,15,POWERBOAT,12,9.40
LARGE,0,15,POWERBOAT,24,14.70
LARGE,0,15,RAFT,4,4.90
LARGE,0,15,RAFT,6,6.20
LARGE,0,15,RAFT,15,6.40
LARGE,0,15,RAFT,25,6.50
LARGE,0,15,SAILBOAT,5,2.10
LARGE,0,15,SAILBOAT,7,5.20
LARGE,0,15,SAILBOAT,12,9.40
LARGE,0,15,SAILBOAT,24,14.70
LARGE,0,15,SHIP,5,2.10
LARGE,0,15,SHIP,7,5.20
LARGE,0,15,SHIP,12,9.40
LARGE,0,15,SHIP,24,14.70
LARGE,0,20,PIW,1,0.70
LARGE,0,20,POWERBOAT,5,2.30
LARGE,0,20,POWERBOAT,7,5.80
LARGE,0,20,POWERBOAT,12,11.60
LARGE,0,20,POWERBOAT,24,18.10
LARGE,0,20,RAFT,4,5.50
LARGE,0,20,RAFT,6,6.90
LARGE,0,20,RAFT,15,7.30
LARGE,0,20,RAFT,25,7.50
LARGE,0,20,SAILBOAT,5,2.30
LARGE,0,20,SAILBOAT,7,5.80
LARGE,0,20,SAILBOAT,12,11.60
LARGE,0,20,SAILBOAT,24,18.10
LARGE,0,20,SHIP,5,2.30
LARGE,0,20,SHIP,7,5.80
LARGE,0,20,SHIP,12,11.60
LARGE,0,20,SHIP,24,18.10
MEDIUM,0,1,PIW,1,0.40
MEDIUM,0,1,POWERBOAT,5,1.10
MEDIUM,0,1,POWERBOAT,7,2.00
MEDIUM,0,1,POWERBOAT,12,2.80
MEDIUM,0,1,POWERBOAT,24,3.20
MEDIUM,0,1,RAFT,4,2.30
MEDIUM,0,1,RAFT,6,2.50
MEDIUM,0,1,RAFT,15,2.60
MEDIUM,0,1,RAFT,25,2.70
MEDIUM,0,1,SAILBOAT,5,1.10
MEDIUM,0,1,SAILBOAT,7,2.00
MEDIUM,0,1,SAILBOAT,12,2.80
MEDIUM,0,1,SAILBOAT,24,3.20
MEDIUM,0,1,SHIP,5,1.10
MEDIUM,0,1,SHIP,7,2.00
MEDIUM,0,1,SHIP,12,2.80
MEDIUM,0,1,SHIP,24,3.20
MEDIUM,0,3,PIW,1,0.40
MEDIUM,0,3,POWERBOAT,5,1.10
MEDIUM,0,3,POWERBOAT,7,2.00
MEDIUM,0,3,POWERBOAT,12,2.80
MEDIUM,0,3,POWERBOAT,24,3.20
MEDIUM,0,3,RAFT,4,2.30
MEDIUM,0,3,RAFT,6,2.50
MEDIUM,0,3,RAFT,15,2.60
MEDIUM,0,3,RAFT,25,2.70
MEDIUM,0,3,SAILBOAT,5,1.10
MEDIUM,0,3,SAILBOAT,7,2.00
MEDIUM,0,3,SAILBOAT,12,2.80
MEDIUM,0,3,SAILBOAT,24,3.20
MEDIUM,0,3,SHIP,5,1.10
MEDIUM,0,3,SHIP,7,2.00
MEDIUM,0,3,SHIP,12,2.80
MEDIUM,0,3,SHIP,24,3.20
MEDIUM,0,5,PIW,1,0.50
MEDIUM,0,5,POWERBOAT,5,1.40
MEDIUM,0,5,POWERBOAT,7,2.90
MEDIUM,0,5,POWERBOAT,12,4.50
MEDIUM,0,5,POWERBOAT,24,5.60
MEDIUM,0,5,RAFT,4,3.20
MEDIUM,0,5,RAFT,6,3.60
MEDIUM,0,5,RAFT,15,4.00
MEDIUM,0,5,RAFT,25,4.20
MEDIUM,0,5,SAILBOAT,5,1.40
MEDIUM,0,5,SAILBOAT,7,2.90
MEDIUM,0,5,SAILBOAT,12,4.50
MEDIUM,0,5,SAILBOAT,24,5.60
MEDIUM,0,5,SHIP,5,1.40
MEDIUM,0,5,SHIP,7,2.90
MEDIUM,0,5,SHIP,12,4.50
MEDIUM,0,5,SHIP,24,5.60
MEDIUM,0,10,PIW,1,0.60
MEDIUM,0,10,POWERBOAT,5,1.90
MEDIUM,0,10,POWERBOAT,7,4.30
MEDIUM,0,10,POWERBOAT,12,7.60
MEDIUM,0,10,POWERBOAT,24,10.70
MEDIUM,0,10,RAFT,4,4.20
MEDIUM,0,10,RAFT,6,5.00
MEDIUM,0,10,RAFT,15,5.10
MEDIUM,0,10,RAFT,25,5.20
MEDIUM,0,10,SAILBOAT,5,1.90
MEDIUM,0,10,SAILBOAT,7,4.30
MEDIUM,0,10,SAILBOAT,12,7.60
MEDIUM,0,10,SAILBOAT,24,10.70
MEDIUM,0,10,SHIP,5,1.90
MEDIUM,0,10,SHIP,7,4.30
MEDIUM,0,10,SHIP,12,7.60
MEDIUM,0,10,SHIP,24,10.70
MEDIUM,0,15,PIW,1,0.70
MEDIUM,0,15,POWERBOAT,5,2.10
MEDIUM,0,15,POWERBOAT,7,5.20
MEDIUM,0,15,POWERBOAT,12,9.40
MEDIUM,0,15,POWERBOAT,24,14.70
MEDIUM,0,15,RAFT,4,4.90
MEDIUM,0,15,RAFT,6,6.20
MEDIUM,0,15,RAFT,15,6.40
MEDIUM,0,15,RAFT,25,6.50
MEDIUM,0,15,SAILBOAT,5,2.10
MEDIUM,0,15,SAILBOAT,7,5.20
MEDIUM,0,15,SAILBOAT,12,9.40
MEDIUM,0,15,SAILBOAT,24,14.70
MEDIUM,0,15,SHIP,5,2.10
MEDIUM,0,15,SHIP,7,5.20
MEDIUM,0,15,SHIP,12,9.40
MEDIUM,0,15,SHIP,24,14.70
MEDIUM,0,20,PIW,1,0.70
MEDIUM,0,20,POWERBOAT,5,2.30
MEDIUM,0,20,POWERBOAT,7,5.80
MEDIUM,0,20,POWERBOAT,12,11.60
MEDIUM,0,20,POWERBOAT,24,18.10
MEDIUM,0,20,RAFT,4,5.50
MEDIUM,0,20,RAFT,6,6.90
MEDIUM,0,20,RAFT,15,7.30
MEDIUM,0,20,RAFT,25,7.50
MEDIUM,0,20,SAILBOAT,5,2.30
MEDIUM,0,20,SAILBOAT,7,5.80
MEDIUM,0,20,SAILBOAT,12,11.60
MEDIUM,0,20,SAILBOAT,24,18.10
MEDIUM,0,20,SHIP,5,2.30
MEDIUM,0,20,SHIP,7,5.80
MEDIUM,0,20,SHIP,12,11.60
MEDIUM,0,20,SHIP,24,18.10
ROTARY,150,1,PIW,1,0.00
ROTARY,150,1,POWERBOAT,5,0.50
ROTARY,150,1,POWERBOAT,6,0.70
ROTARY,150,1,POWERBOAT,10,0.80
ROTARY,150,1,POWERBOAT,16,0.80
ROTARY,150,1,POWERBOAT,24,0.80
ROTARY,150,1,RAFT,1,0.40
ROTARY,150,1,RAFT,4,0.50
ROTARY,150,1,RAFT,6,0.50
ROTARY,150,1,RAFT,8,0.60
ROTARY,150,1,RAFT,10,0.60
ROTARY,150,1,RAFT,15,0.60
ROTARY,150,1,RAFT,20,0.60
ROTARY,150,1,RAFT,25,0.60
ROTARY,150,1,SAILBOAT,5,0.70
ROTARY,150,1,SAILBOAT,8,0.80
ROTARY,150,1,SAILBOAT,12,0.80
ROTARY,150,1,SAILBOAT,15,0.80
ROTARY,150,1,SAILBOAT,21,0.80
ROTARY,150,1,SAILBOAT,25,0.80
ROTARY,150,1,SHIP,27,0.80
ROTARY,150,1,SHIP,46,0.80
ROTARY,150,1,SHIP,47,0.80
ROTARY,150,1,SHIP,91,0.80
ROTARY,150,1,SHIP,92,0.80
ROTARY,150,3,PIW,1,0.10
ROTARY,150,3,POWERBOAT,5,1.20
ROTARY,150,3,POWERBOAT,6,2.00
ROTARY,150,3,POWERBOAT,10,2.50
ROTARY,150,3,POWERBOAT,16,3.10
ROTARY,150,3,POWERBOAT,24,3.30
ROTARY,150,3,RAFT,1,0.90
ROTARY,150,3,RAFT,4,1.20
ROTARY,150,3,RAFT,6,1.40
ROTARY,150,3,RAFT,8,1.50
ROTARY,150,3,RAFT,10,1.60
ROTARY,150,3,RAFT,15,1.70
ROTARY,150,3,RAFT,20,1.80
ROTARY,150,3,RAFT,25,1.90
ROTARY,150,3,SAILBOAT,5,1.90
ROTARY,150,3,SAILBOAT,8,2.40
ROTARY,150,3,SAILBOAT,12,3.00
ROTARY,150,3,SAILBOAT,15,3.10
ROTARY,150,3,SAILBOAT,21,3.20
ROTARY,150,3,SAILBOAT,25,3.30
ROTARY,150,3,SHIP,27,3.40
ROTARY,150,3,SHIP,46,3.40
ROTARY,150,3,SHIP,47,3.40
ROTARY,150,3,SHIP,91,3.40
ROTARY,150,3,SHIP,92,3.50
ROTARY,150,5,PIW,1,0.10
ROTARY,150,5,POWERBOAT,5,1.50
ROTARY,150,5,POWERBOAT,6,2.90
ROTARY,150,5,POWERBOAT,10,3.90
ROTARY,150,5,POWERBOAT,16,5.10
ROTARY,150,5,POWERBOAT,24,5.70
ROTARY,150,5,RAFT,1,1.20
ROTARY,150,5,RAFT,4,1.60
ROTARY,150,5,RAFT,6,1.90
ROTARY,150,5,RAFT,8,2.00
ROTARY,150,5,RAFT,10,2.20
ROTARY,150,5,RAFT,15,2.30
ROTARY,150,5,RAFT,20,2.60
ROTARY,150,5,RAFT,25,2.70
ROTARY,150,5,SAILBOAT,5,2.70
ROTARY,150,5,SAILBOAT,8,3.70
ROTARY,150,5,SAILBOAT,12,4.90
ROTARY,150,5,SAILBOAT,15,5.20
ROTARY,150,5,SAILBOAT,21,5.50
ROTARY,150,5,SAILBOAT,25,5.70
ROTARY,150,5,SHIP,27,6.00
ROTARY,150,5,SHIP,46,6.00
ROTARY,150,5,SHIP,47,6.30
ROTARY,150,5,SHIP,91,6.30
ROTARY,150,5,SHIP,92,6.40
ROTARY,150,10,PIW,1,0.10
ROTARY,150,10,POWERBOAT,5,1.90
ROTARY,150,10,POWERBOAT,6,4.30
ROTARY,150,10,POWERBOAT,10,6.20
ROTARY,150,10,POWERBOAT,16,9.20
ROTARY,150,10,POWERBOAT,24,10.80
ROTARY,150,10,RAFT,1,1.60
ROTARY,150,10,RAFT,4,2.20
ROTARY,150,10,RAFT,6,2.70
ROTARY,150,10,RAFT,8,2.80
ROTARY,150,10,RAFT,10,3.10
ROTARY,150,10,RAFT,15,3.30
ROTARY,150,10,RAFT,20,3.80
ROTARY,150,10,RAFT,25,4.10
ROTARY,150,10,SAILBOAT,5,3.90
ROTARY,150,10,SAILBOAT,8,5.70
ROTARY,150,10,SAILBOAT,12,8.30
ROTARY,150,10,SAILBOAT,15,9.50
ROTARY,150,10,SAILBOAT,21,10.40
ROTARY,150,10,SAILBOAT,25,11.00
ROTARY,150,10,SHIP,27,12.20
ROTARY,150,10,SHIP,46,12.20
ROTARY,150,10,SHIP,47,13.60
ROTARY,150,10,SHIP,91,13.60
ROTARY,150,10,SHIP,92,14.30
ROTARY,150,15,PIW,1,0.10
ROTARY,150,15,POWERBOAT,5,2.20
ROTARY,150,15,POWERBOAT,6,5.20
ROTARY,150,15,POWERBOAT,10,7.80
ROTARY,150,15,POWERBOAT,16,12.30
ROTARY,150,15,POWERBOAT,24,15.00
ROTARY,150,15,RAFT,1,1.80
ROTARY,150,15,RAFT,4,2.60
ROTARY,150,15,RAFT,6,3.20
ROTARY,150,15,RAFT,8,3.30
ROTARY,150,15,RAFT,10,3.60
ROTARY,150,15,RAFT,15,4.00
ROTARY,150,15,RAFT,20,4.60
ROTARY,150,15,RAFT,25,5.00
ROTARY,150,15,SAILBOAT,5,4.70
ROTARY,150,15,SAILBOAT,8,7.10
ROTARY,150,15,SAILBOAT,12,11.30
ROTARY,150,15,SAILBOAT,15,12.70
ROTARY,150,15,SAILBOAT,21,14.10
ROTARY,150,15,SAILBOAT,25,15.20
ROTARY,150,15,SHIP,27,17.40
ROTARY,150,15,SHIP,46,17.40
ROTARY,150,15,SHIP,47,20.40
ROTARY,150,15,SHIP,91,20.40
ROTARY,150,15,SHIP,92,22.10
ROTARY,150,20,PIW,1,0.10
ROTARY,150,20,POWERBOAT,5,2.30
ROTARY,150,20,POWERBOAT,6,5.80
ROTARY,150,20,POWERBOAT,10,9.00
ROTARY,150,20,POWERBOAT,16,14.70
ROTARY,150,20,POWERBOAT,24,18.40
ROTARY,150,20,RAFT,1,1.80
ROTARY,150,20,RAFT,4,2.80
ROTARY,150,20,RAFT,6,3.50
ROTARY,150,20,RAFT,8,3.70
ROTARY,150,20,RAFT,10,4.00
ROTARY,150,20,RAFT,15,4.40
ROTARY,150,20,RAFT,20,5.10
ROTARY,150,20,RAFT,25,5.60
ROTARY,150,20,SAILBOAT,5,5.20
ROTARY,150,20,SAILBOAT,8,8.20
ROTARY,150,20,SAILBOAT,12,13.50
ROTARY,150,20,SAILBOAT,15,15.30
ROTARY,150,20,SAILBOAT,21,17.30
ROTARY,150,20,SAILBOAT,25,18.70
ROTARY,150,20,SHIP,27,21.90
ROTARY,150,20,SHIP,46,21.90
ROTARY,150,20,SHIP,47,26.60
ROTARY,150,20,SHIP,91,26.60
ROTARY,150,20,SHIP,92,29.80
ROTARY,300,1,PIW,1,0.00
ROTARY,300,1,POWERBOAT,5,0.50
ROTARY,300,1,POWERBOAT,6,0.70
ROTARY,300,1,POWERBOAT,10,0.70
ROTARY,300,1,POWERBOAT,16,0.70
ROTARY,300,1,POWERBOAT,24,0.80
ROTARY,300,1,RAFT,1,0.40
ROTARY,300,1,RAFT,4,0.50
ROTARY,300,1,RAFT,6,0.50
ROTARY,300,1,RAFT,8,0.50
ROTARY,300,1,RAFT,10,0.50
ROTARY,300,1,RAFT,15,0.60
ROTARY,300,1,RAFT,20,0.60
ROTARY,300,1,RAFT,25,0.60
ROTARY,300,1,SAILBOAT,5,0.60
ROTARY,300,1,SAILBOAT,8,0.70
ROTARY,300,1,SAILBOAT,12,0.70
ROTARY,300,1,SAILBOAT,15,0.70
ROTARY,300,1,SAILBOAT,21,0.80
ROTARY,300,1,SAILBOAT,25,0.80
ROTARY,300,1,SHIP,27,0.80
ROTARY,300,1,SHIP,46,0.80
ROTARY,300,1,SHIP,47,0.80
ROTARY,300,1,SHIP,91,0.80
ROTARY,300,1,SHIP,92,0.80
ROTARY,300,3,PIW,1,0.10
ROTARY,300,3,POWERBOAT,5,1.20
ROTARY,300,3,POWERBOAT,6,2.10
ROTARY,300,3,POWERBOAT,10,2.60
ROTARY,300,3,POWERBOAT,16,3.10
ROTARY,300,3,POWERBOAT,24,3.30
ROTARY,300,3,RAFT,1,0.90
ROTARY,300,3,RAFT,4,1.20
ROTARY,300,3,RAFT,6,1.40
ROTARY,300,3,RAFT,8,1.50
ROTARY,300,3,RAFT,10,1.60
ROTARY,300,3,RAFT,15,1.70
ROTARY,300,3,RAFT,20,1.80
ROTARY,300,3,RAFT,25,1.90
ROTARY,300,3,SAILBOAT,5,1.90
ROTARY,300,3,SAILBOAT,8,2.50
ROTARY,300,3,SAILBOAT,12,3.00
ROTARY,300,3,SAILBOAT,15,3.10
ROTARY,300,3,SAILBOAT,21,3.20
ROTARY,300,3,SAILBOAT,25,3.30
ROTARY,300,3,SHIP,27,3.40
ROTARY,300,3,SHIP,46,3.40
ROTARY,300,3,SHIP,47,3.40
ROTARY,300,3,SHIP,91,3.40
ROTARY,300,3,SHIP,92,3.50
ROTARY,300,5,PIW,1,0.10
ROTARY,300,5,POWERBOAT,5,1.60
ROTARY,300,5,POWERBOAT,6,3.00
ROTARY,300,5,POWERBOAT,10,3.90
ROTARY,300,5,POWERBOAT,16,5.20
ROTARY,300,5,POWERBOAT,24,5.70
ROTARY,300,5,RAFT,1,1.20
ROTARY,300,5,RAFT,4,1.70
ROTARY,300,5,RAFT,6,2.00
ROTARY,300,5,RAFT,8,2.10
ROTARY,300,5,RAFT,10,2.20
ROTARY,300,5,RAFT,15,2.40
ROTARY,300,5,RAFT,20,2.70
ROTARY,300,5,RAFT,25,2.80
ROTARY,300,5,SAILBOAT,5,2.80
ROTARY,300,5,SAILBOAT,8,3.70
ROTARY,300,5,SAILBOAT,12,4.90
ROTARY,300,5,SAILBOAT,15,5.30
ROTARY,300,5,SAILBOAT,21,5.60
ROTARY,300,5,SAILBOAT,25,5.70
ROTARY,300,5,SHIP,27,6.00
ROTARY,300,5,SHIP,46,6.00
ROTARY,300,5,SHIP,47,6.30
ROTARY,300,5,SHIP,91,6.30
ROTARY,300,5,SHIP,92,6.40
ROTARY,300,10,PIW,1,0.10
ROTARY,300,10,POWERBOAT,5,2.10
ROTARY,300,10,POWERBOAT,6,4.40
ROTARY,300,10,POWERBOAT,10,6.30
ROTARY,300,10,POWERBOAT,16,9.20
ROTARY,300,10,POWERBOAT,24,10.90
ROTARY,300,10,RAFT,1,1.60
ROTARY,300,10,RAFT,4,2.30
ROTARY,300,10,RAFT,6,2.80
ROTARY,300,10,RAFT,8,2.90
ROTARY,300,10,RAFT,10,3.20
ROTARY,300,10,RAFT,15,3.50
ROTARY,300,10,RAFT,20,3.90
ROTARY,300,10,RAFT,25,4.20
ROTARY,300,10,SAILBOAT,5,4.00
ROTARY,300,10,SAILBOAT,8,5.80
ROTARY,300,10,SAILBOAT,12,8.60
ROTARY,300,10,SAILBOAT,15,9.50
ROTARY,300,10,SAILBOAT,21,10.40
ROTARY,300,10,SAILBOAT,25,11.00
ROTARY,300,10,SHIP,27,12.20
ROTARY,300,10,SHIP,46,12.20
ROTARY,300,10,SHIP,47,13.60
ROTARY,300,10,SHIP,91,13.60
ROTARY,300,10,SHIP,92,14.30
ROTARY,300,15,PIW,1,0.10
ROTARY,300,15,POWERBOAT,5,2.30
ROTARY,300,15,POWERBOAT,6,5.30
ROTARY,300,15,POWERBOAT,10,7.90
ROTARY,300,15,POWERBOAT,16,12.30
ROTARY,300,15,POWERBOAT,24,15.00
ROTARY,300,15,RAFT,1,1.80
ROTARY,300,15,RAFT,4,2.60
ROTARY,300,15,RAFT,6,3.20
ROTARY,300,15,RAFT,8,3.40
ROTARY,300,15,RAFT,10,3.70
ROTARY,300,15,RAFT,15,4.10
ROTARY,300,15,RAFT,20,4.70
ROTARY,300,15,RAFT,25,5.10
ROTARY,300,15,SAILBOAT,5,4.80
ROTARY,300,15,SAILBOAT,8,7.30
ROTARY,300,15,SAILBOAT,12,11.40
ROTARY,300,15,SAILBOAT,15,12.80
ROTARY,300,15,SAILBOAT,21,14.20
ROTARY,300,15,SAILBOAT,25,15.30
ROTARY,300,15,SHIP,27,17.40
ROTARY,300,15,SHIP,46,17.40
ROTARY,300,15,SHIP,47,20.40
ROTARY,300,15,SHIP,91,20.40
ROTARY,300,15,SHIP,92,22.20
ROTARY,300,20,PIW,1,0.10
ROTARY,300,20,POWERBOAT,5,2.50
ROTARY,300,20,POWERBOAT,6,5.90
ROTARY,300,20,POWERBOAT,10,9.10
ROTARY,300,20,POWERBOAT,16,14.80
ROTARY,300,20,POWERBOAT,24,18.50
ROTARY,300,20,RAFT,1,1.80
ROTARY,300,20,RAFT,4,2.90
ROTARY,300,20,RAFT,6,3.50
ROTARY,300,20,RAFT,8,3.80
ROTARY,300,20,RAFT,10,4.10
ROTARY,300,20,RAFT,15,4.50
ROTARY,300,20,RAFT,20,5.20
ROTARY,300,20,RAFT,25,5.70
ROTARY,300,20,SAILBOAT,5,5.40
ROTARY,300,20,SAILBOAT,8,8.30
ROTARY,300,20,SAILBOAT,12,13.50
ROTARY,300,20,SAILBOAT,15,15.40
ROTARY,300,20,SAILBOAT,21,17.30
ROTARY,300,20,SAILBOAT,25,18.80
ROTARY,300,20,SHIP,27,21.90
ROTARY,300,20,SHIP,46,21.90
ROTARY,300,20,SHIP,47,26.60
ROTARY,300,20,SHIP,91,26.60
ROTARY,300,20,SHIP,92,29.80
ROTARY,600,1,PIW,1,0.00
ROTARY,600,1,POWERBOAT,5,0.30
ROTARY,600,1,POWERBOAT,6,0.40
ROTARY,600,1,POWERBOAT,10,0.50
ROTARY,600,1,POWERBOAT,16,0.50
ROTARY,600,1,POWERBOAT,24,0.50
ROTARY,600,1,RAFT,1,0.20
ROTARY,600,1,RAFT,4,0.30
ROTARY,600,1,RAFT,6,0.30
ROTARY,600,1,RAFT,8,0.30
ROTARY,600,1,RAFT,10,0.30
ROTARY,600,1,RAFT,15,0.30
ROTARY,600,1,RAFT,20,0.40
ROTARY,600,1,RAFT,25,0.40
ROTARY,600,1,SAILBOAT,5,0.40
ROTARY,600,1,SAILBOAT,8,0.50
ROTARY,600,1,SAILBOAT,12,0.50
ROTARY,600,1,SAILBOAT,15,0.50
ROTARY,600,1,SAILBOAT,21,0.50
ROTARY,600,1,SAILBOAT,25,0.50
ROTARY,600,1,SHIP,27,0.50
ROTARY,600,1,SHIP,46,0.50
ROTARY,600,1,SHIP,47,0.50
ROTARY,600,1,SHIP,91,0.50
ROTARY,600,1,SHIP,92,0.60
ROTARY,600,3,PIW,1,0.00
ROTARY,600,3,POWERBOAT,5,1.30
ROTARY,600,3,POWERBOAT,6,2.10
ROTARY,600,3,POWERBOAT,10,2.60
ROTARY,600,3,POWERBOAT,16,3.00
ROTARY,600,3,POWERBOAT,24,3.20
ROTARY,600,3,RAFT,1,0.80
ROTARY,600,3,RAFT,4,1.20
ROTARY,600,3,RAFT,6,1.40
ROTARY,600,3,RAFT,8,1.50
ROTARY,600,3,RAFT,10,1.60
ROTARY,600,3,RAFT,15,1.70
ROTARY,600,3,RAFT,20,1.80
ROTARY,600,3,RAFT,25,1.90
ROTARY,600,3,SAILBOAT,5,1.90
ROTARY,600,3,SAILBOAT,8,2.50
ROTARY,600,3,SAILBOAT,12,3.00
ROTARY,600,3,SAILBOAT,15,3.10
ROTARY,600,3,SAILBOAT,21,3.20
ROTARY,600,3,SAILBOAT,25,3.20
ROTARY,600,3,SHIP,27,3.30
ROTARY,600,3,SHIP,46,3.30
ROTARY,600,3,SHIP,47,3.40
ROTARY,600,3,SHIP,91,3.40
ROTARY,600,3,SHIP,92,3.40
ROTARY,600,5,PIW,1,0.00
ROTARY,600,5,POWERBOAT,5,1.70
ROTARY,600,5,POWERBOAT,6,3.00
ROTARY,600,5,POWERBOAT,10,4.00
ROTARY,600,5,POWERBOAT,16,5.20
ROTARY,600,5,POWERBOAT,24,5.70
ROTARY,600,5,RAFT,1,1.20
ROTARY,600,5,RAFT,4,1.70
ROTARY,600,5,RAFT,6,2.00
ROTARY,600,5,RAFT,8,2.10
ROTARY,600,5,RAFT,10,2.30
ROTARY,600,5,RAFT,15,2.50
ROTARY,600,5,RAFT,20,2.70
ROTARY,600,5,RAFT,25,2.90
ROTARY,600,5,SAILBOAT,5,2.80
ROTARY,600,5,SAILBOAT,8,3.80
ROTARY,600,5,SAILBOAT,12,4.90
ROTARY,600,5,SAILBOAT,15,5.30
ROTARY,600,5,SAILBOAT,21,5.60
ROTARY,600,5,SAILBOAT,25,5.70
ROTARY,600,5,SHIP,27,6.00
ROTARY,600,5,SHIP,46,6.00
ROTARY,600,5,SHIP,47,6.30
ROTARY,600,5,SHIP,91,6.30
ROTARY,600,5,SHIP,92,6.40
ROTARY,600,10,PIW,1,0.00
ROTARY,600,10,POWERBOAT,5,2.30
ROTARY,600,10,POWERBOAT,6,4.50
ROTARY,600,10,POWERBOAT,10,6.40
ROTARY,600,10,POWERBOAT,16,9.30
ROTARY,600,10,POWERBOAT,24,10.90
ROTARY,600,10,RAFT,1,1.60
ROTARY,600,10,RAFT,4,2.30
ROTARY,600,10,RAFT,6,2.80
ROTARY,600,10,RAFT,8,3.00
ROTARY,600,10,RAFT,10,3.30
ROTARY,600,10,RAFT,15,3.60
ROTARY,600,10,RAFT,20,4.00
ROTARY,600,10,RAFT,25,4.30
ROTARY,600,10,SAILBOAT,5,4.20
ROTARY,600,10,SAILBOAT,8,6.00
ROTARY,600,10,SAILBOAT,12,8.70
ROTARY,600,10,SAILBOAT,15,9.60
ROTARY,600,10,SAILBOAT,21,10.50
ROTARY,600,10,SAILBOAT,25,11.10
ROTARY,600,10,SHIP,27,12.20
ROTARY,600,10,SHIP,46,12.20
ROTARY,600,10,SHIP,47,13.60
ROTARY,600,10,SHIP,91,13.60
ROTARY,600,10,SHIP,92,14.30
ROTARY,600,15,PIW,1,0.00
ROTARY,600,15,POWERBOAT,5,2.60
ROTARY,600,15,POWERBOAT,6,5.50
ROTARY,600,15,POWERBOAT,10,8.00
ROTARY,600,15,POWERBOAT,16,12.40
ROTARY,600,15,POWERBOAT,24,15.10
ROTARY,600,15,RAFT,1,1.80
ROTARY,600,15,RAFT,4,2.70
ROTARY,600,15,RAFT,6,3.30
ROTARY,600,15,RAFT,8,3.60
ROTARY,600,15,RAFT,10,3.90
ROTARY,600,15,RAFT,15,4.30
ROTARY,600,15,RAFT,20,4.90
ROTARY,600,15,RAFT,25,5.30
ROTARY,600,15,SAILBOAT,5,5.00
ROTARY,600,15,SAILBOAT,8,7.50
ROTARY,600,15,SAILBOAT,12,11.40
ROTARY,600,15,SAILBOAT,15,12.90
ROTARY,600,15,SAILBOAT,21,14.30
ROTARY,600,15,SAILBOAT,25,15.40
ROTARY,600,15,SHIP,27,17.50
ROTARY,600,15,SHIP,46,17.50
ROTARY,600,15,SHIP,47,20.40
ROTARY,600,15,SHIP,91,20.40
ROTARY,600,15,SHIP,92,22.20
ROTARY,600,20,PIW,1,0.10
ROTARY,600,20,POWERBOAT,5,2.70
ROTARY,600,20,POWERBOAT,6,6.10
ROTARY,600,20,POWERBOAT,10,9.30
ROTARY,600,20,POWERBOAT,16,14.90
ROTARY,600,20,POWERBOAT,24,18.50
ROTARY,600,20,RAFT,1,1.80
ROTARY,600,20,RAFT,4,3.00
ROTARY,600,20,RAFT,6,3.60
ROTARY,600,20,RAFT,8,3.90
ROTARY,600,20,RAFT,10,4.20
ROTARY,600,20,RAFT,15,4.70
ROTARY,600,20,RAFT,20,5.40
ROTARY,600,20,RAFT,25,5.90
ROTARY,600,20,SAILBOAT,5,5.60
ROTARY,600,20,SAILBOAT,8,8.60
ROTARY,600,20,SAILBOAT,12,13.60
ROTARY,600,20,SAILBOAT,15,15.50
ROTARY,600,20,SAILBOAT,21,17.40
ROTARY,600,20,SAILBOAT,25,18.90
ROTARY,600,20,SHIP,27,22.00
ROTARY,600,20,SHIP,46,22.00
ROTARY,600,20,SHIP,47,26.60
ROTARY,600,20,SHIP,91,26.60
ROTARY,600,20,SHIP,92,29.80
SMALL,0,1,PIW,1,0.30
SMALL,0,1,POWERBOAT,4,0.50
SMALL,0,1,POWERBOAT,5,1.00
SMALL,0,1,POWERBOAT,7,1.00
SMALL,0,1,POWERBOAT,8,1.10
SMALL,0,1,POWERBOAT,12,1.10
SMALL,0,1,POWERBOAT,13,1.20
SMALL,0,1,POWERBOAT,20,1.20
SMALL,0,1,POWERBOAT,21,1.20
SMALL,0,1,POWERBOAT,26,1.20
SMALL,0,1,RAFT,1,0.90
SMALL,0,1,RAFT,4,1.00
SMALL,0,1,RAFT,6,1.10
SMALL,0,1,RAFT,8,1.10
SMALL,0,1,RAFT,10,1.10
SMALL,0,1,RAFT,15,1.10
SMALL,0,1,RAFT,20,1.20
SMALL,0,1,RAFT,25,1.20
SMALL,0,1,SAILBOAT,5,1.00
SMALL,0,1,SAILBOAT,6,1.00
SMALL,0,1,SAILBOAT,8,1.10
SMALL,0,1,SAILBOAT,9,1.10
SMALL,0,1,SAILBOAT,12,1.20
SMALL,0,1,SAILBOAT,15,1.20
SMALL,0,1,SAILBOAT,20,1.20
SMALL,0,1,SAILBOAT,23,1.20
SMALL,0,1,SAILBOAT,24,1.20
SMALL,0,1,SAILBOAT,26,1.20
SMALL,0,1,SHIP,27,1.80
SMALL,0,1,SHIP,45,1.80
SMALL,0,1,SHIP,46,1.80
SMALL,0,1,SHIP,90,1.80
SMALL,0,1,SHIP,91,1.80
SMALL,0,3,PIW,1,0.40
SMALL,0,3,POWERBOAT,4,1.10
SMALL,0,3,POWERBOAT,5,2.00
SMALL,0,3,POWERBOAT,7,2.00
SMALL,0,3,POWERBOAT,8,2.50
SMALL,0,3,POWERBOAT,12,2.50
SMALL,0,3,POWERBOAT,13,3.10
SMALL,0,3,POWERBOAT,20,3.10
SMALL,0,3,POWERBOAT,21,3.20
SMALL,0,3,POWERBOAT,26,3.20
SMALL,0,3,RAFT,1,1.80
SMALL,0,3,RAFT,4,2.20
SMALL,0,3,RAFT,6,2.50
SMALL,0,3,RAFT,8,2.50
SMALL,0,3,RAFT,10,2.60
SMALL,0,3,RAFT,15,2.80
SMALL,0,3,RAFT,20,3.00
SMALL,0,3,RAFT,25,3.10
SMALL,0,3,SAILBOAT,5,1.90
SMALL,0,3,SAILBOAT,6,2.20
SMALL,0,3,SAILBOAT,8,2.40
SMALL,0,3,SAILBOAT,9,2.70
SMALL,0,3,SAILBOAT,12,3.00
SMALL,0,3,SAILBOAT,15,3.10
SMALL,0,3,SAILBOAT,20,3.20
SMALL,0,3,SAILBOAT,23,3.20
SMALL,0,3,SAILBOAT,24,3.30
SMALL,0,3,SAILBOAT,26,3.30
SMALL,0,3,SHIP,27,3.30
SMALL,0,3,SHIP,45,3.30
SMALL,0,3,SHIP,46,3.40
SMALL,0,3,SHIP,90,3.40
SMALL,0,3,SHIP,91,3.40
SMALL,0,5,PIW,1,0.50
SMALL,0,5,POWERBOAT,4,1.40
SMALL,0,5,POWERBOAT,5,2.90
SMALL,0,5,POWERBOAT,7,2.90
SMALL,0,5,POWERBOAT,8,3.80
SMALL,0,5,POWERBOAT,12,3.80
SMALL,0,5,POWERBOAT,13,5.10
SMALL,0,5,POWERBOAT,20,5.10
SMALL,0,5,POWERBOAT,21,5.60
SMALL,0,5,POWERBOAT,26,5.60
SMALL,0,5,RAFT,1,2.30
SMALL,0,5,RAFT,4,3.00
SMALL,0,5,RAFT,6,3.40
SMALL,0,5,RAFT,8,3.50
SMALL,0,5,RAFT,10,3.60
SMALL,0,5,RAFT,15,3.80
SMALL,0,5,RAFT,20,4.10
SMALL,0,5,RAFT,25,4.30
SMALL,0,5,SAILBOAT,5,2.70
SMALL,0,5,SAILBOAT,6,3.20
SMALL,0,5,SAILBOAT,8,3.60
SMALL,0,5,SAILBOAT,9,4.10
SMALL,0,5,SAILBOAT,12,4.90
SMALL,0,5,SAILBOAT,15,5.20
SMALL,0,5,SAILBOAT,20,5.50
SMALL,0,5,SAILBOAT,23,5.50
SMALL,0,5,SAILBOAT,24,5.70
SMALL,0,5,SAILBOAT,26,5.70
SMALL,0,5,SHIP,27,6.00
SMALL,0,5,SHIP,45,6.00
SMALL,0,5,SHIP,46,6.30
SMALL,0,5,SHIP,90,6.30
SMALL,0,5,SHIP,91,6.40
SMALL,0,10,PIW,1,0.50
SMALL,0,10,POWERBOAT,4,1.90
SMALL,0,10,POWERBOAT,5,4.30
SMALL,0,10,POWERBOAT,7,4.30
SMALL,0,10,POWERBOAT,8,6.10
SMALL,0,10,POWERBOAT,12,6.10
SMALL,0,10,POWERBOAT,13,9.10
SMALL,0,10,POWERBOAT,20,9.10
SMALL,0,10,POWERBOAT,21,10.70
SMALL,0,10,POWERBOAT,26,10.70
SMALL,0,10,RAFT,1,3.10
SMALL,0,10,RAFT,4,4.00
SMALL,0,10,RAFT,6,4.70
SMALL,0,10,RAFT,8,4.80
SMALL,0,10,RAFT,10,5.10
SMALL,0,10,RAFT,15,5.50
SMALL,0,10,RAFT,20,6.10
SMALL,0,10,RAFT,25,6.40
SMALL,0,10,SAILBOAT,5,3.90
SMALL,0,10,SAILBOAT,6,4.80
SMALL,0,10,SAILBOAT,8,5.70
SMALL,0,10,SAILBOAT,9,6.80
SMALL,0,10,SAILBOAT,12,8.50
SMALL,0,10,SAILBOAT,15,9.40
SMALL,0,10,SAILBOAT,20,10.20
SMALL,0,10,SAILBOAT,23,10.20
SMALL,0,10,SAILBOAT,24,10.80
SMALL,0,10,SAILBOAT,26,10.80
SMALL,0,10,SHIP,27,12.00
SMALL,0,10,SHIP,45,12.00
SMALL,0,10,SHIP,46,13.40
SMALL,0,10,SHIP,90,13.40
SMALL,0,10,SHIP,91,14.10
SMALL,0,15,PIW,1,0.50
SMALL,0,15,POWERBOAT,4,2.10
SMALL,0,15,POWERBOAT,5,5.20
SMALL,0,15,POWERBOAT,7,5.20
SMALL,0,15,POWERBOAT,8,7.70
SMALL,0,15,POWERBOAT,12,7.70
SMALL,0,15,POWERBOAT,13,12.10
SMALL,0,15,POWERBOAT,20,12.10
SMALL,0,15,POWERBOAT,21,14.70
SMALL,0,15,POWERBOAT,26,14.70
SMALL,0,15,RAFT,1,3.40
SMALL,0,15,RAFT,4,4.60
SMALL,0,15,RAFT,6,5.50
SMALL,0,15,RAFT,8,5.70
SMALL,0,15,RAFT,10,6.10
SMALL,0,15,RAFT,15,6.50
SMALL,0,15,RAFT,20,7.30
SMALL,0,15,RAFT,25,7.80
SMALL,0,15,SAILBOAT,5,4.70
SMALL,0,15,SAILBOAT,6,5.90
SMALL,0,15,SAILBOAT,8,7.00
SMALL,0,15,SAILBOAT,9,8.60
SMALL,0,15,SAILBOAT,12,11.20
SMALL,0,15,SAILBOAT,15,12.50
SMALL,0,15,SAILBOAT,20,13.90
SMALL,0,15,SAILBOAT,23,13.90
SMALL,0,15,SAILBOAT,24,15.00
SMALL,0,15,SAILBOAT,26,15.00
SMALL,0,15,SHIP,27,17.10
SMALL,0,15,SHIP,45,17.10
SMALL,0,15,SHIP,46,20.10
SMALL,0,15,SHIP,90,20.10
SMALL,0,15,SHIP,91,21.80
SMALL,0,20,PIW,1,0.50
SMALL,0,20,POWERBOAT,4,2.30
SMALL,0,20,POWERBOAT,5,5.80
SMALL,0,20,POWERBOAT,7,5.80
SMALL,0,20,POWERBOAT,8,8.80
SMALL,0,20,POWERBOAT,12,8.80
SMALL,0,20,POWERBOAT,13,14.40
SMALL,0,20,POWERBOAT,20,14.40
SMALL,0,20,POWERBOAT,21,18.10
SMALL,0,20,POWERBOAT,26,18.10
SMALL,0,20,RAFT,1,3.70
SMALL,0,20,RAFT,4,5.00
SMALL,0,20,RAFT,6,6.00
SMALL,0,20,RAFT,8,6.20
SMALL,0,20,RAFT,10,6.70
SMALL,0,20,RAFT,15,7.20
SMALL,0,20,RAFT,20,8.10
SMALL,0,20,RAFT,25,8.70
SMALL,0,20,SAILBOAT,5,5.20
SMALL,0,20,SAILBOAT,6,8.60
SMALL,0,20,SAILBOAT,8,8.10
SMALL,0,20,SAILBOAT,9,10.00
SMALL,0,20,SAILBOAT,12,13.30
SMALL,0,20,SAILBOAT,15,15.00
SMALL,0,20,SAILBOAT,20,16.90
SMALL,0,20,SAILBOAT,23,16.90
SMALL,0,20,SAILBOAT,24,18.40
SMALL,0,20,SAILBOAT,26,18.40
SMALL,0,20,SHIP,27,21.50
SMALL,0,20,SHIP,45,21.50
SMALL,0,20,SHIP,46,26.10
SMALL,0,20,SHIP,90,26.10
SMALL,0,20,SHIP,91,29.20
